Alice,Johnson,(123) 456-7890,alice.johnson@example.com,123 Maple St
Bob,Smith,(234) 567-8901,bob.smith@example.com,456 Oak Ave
Charlie,Brown,(345) 678-9012,charlie.brown@example.com,789 Pine Rd
David,Wilson,(456) 789-0123,david.wilson@example.com,321 Cedar Blvd
Eva,Martinez,(567) 890-1234,eva.martinez@example.com,654 Birch Dr
Frank,Williams,(678) 901-2345,frank.williams@example.com,987 Spruce Ln
Grace,Taylor,(789) 012-3456,grace.taylor@example.com,246 Aspen Ct
Henry,Miller,(890) 123-4567,henry.miller@example.com,135 Redwood St
Isabella,Garcia,(901) 234-5678,isabella.garcia@example.com,468 Sequoia Ave
Jack,Thomas,(012) 345-6789,jack.thomas@example.com,579 Fir Pl
Karen,Moore,(123) 456-7891,karen.moore@example.com,246 Palm Rd
Liam,Anderson,(234) 567-8902,liam.anderson@example.com,357 Elm St
Mia,Jackson,(345) 678-9013,mia.jackson@example.com,468 Walnut Ln
Noah,White,(456) 789-0124,noah.white@example.com,579 Cedar Dr
Olivia,Harris,(567) 890-1235,olivia.harris@example.com,680 Maple Ct
Paul,Martinez,(678) 901-2346,paul.martinez@example.com,791 Oak Ave
Quincy,Robinson,(789) 012-3457,quincy.robinson@example.com,902 Pine St
Rachel,Clark,(890) 123-4568,rachel.clark@example.com,113 Birch Blvd
Samuel,Lewis,(901) 234-5679,samuel.lewis@example.com,224 Spruce Ave
Tina,Walker,(012) 345-6790,tina.walker@example.com,335 Aspen Rd
Uma,Baker,(123) 456-7892,uma.baker@example.com,446 Cedar Pl
Victor,Adams,(234) 567-8903,victor.adams@example.com,557 Redwood St
Wendy,Perez,(345) 678-9014,wendy.perez@example.com,668 Sequoia Blvd
Xander,Young,(456) 789-0125,xander.young@example.com,779 Fir Ln
Yara,Hall,(567) 890-1236,yara.hall@example.com,880 Pine Ave
Zoe,King,(678) 901-2347,zoe.king@example.com,991 Maple Blvd